source,target,status
/about-us,/about,301
/blog/allergy-friendly-cleaning,/services/recurring-cleaning,301
/blog/avenues-salt-lake-cleaning,/service-location/salt-lake-county,301
/blog/bathroom-cleaning-renovation-prep,/services/deep-cleaning,301
/blog/carpet-upholstery-care,/blog,301
/blog/cleaning-for-flu-and-cold-season,/services/deep-cleaning,301
/blog/cleaning-schedules-routines,/services/recurring-cleaning,301
/blog/cleaning-services-pricing,/services,301
/blog/cleaning-tips-tricks,/blog,301
/blog/complete-guide-airbnb-vrbo-cleaning-park-city,/blog/complete-guide-airbnb-vrbo-cleaning-park-city-2026,301
/blog/downtown-salt-lake-cleaning,/service-location/salt-lake-county,301
/blog/draper-utah-cleaning,/service-location/salt-lake-county,301
/blog/green-cleaning-eco-friendly-practices,/services/recurring-cleaning,301
/blog/heber-city-home-cleaning,/service-location/heber-city,301
/blog/heber-city-residential-cleaning,/service-location/heber-city,301
/blog/home-maintenance-preventive-care,/services/recurring-cleaning,301
/blog/jordanelle-cleaning-solutions,/blog/jordanelle-vacation-rental-turnover,301
/blog/jordanelle-home-cleaning,/service-location/jordanelle,301
/blog/kamas-home-cleaning,/service-location/kamas,301
/blog/kitchen-deep-cleaning-hygiene,/services/deep-cleaning,301
/blog/laundry-room-optimization,/blog,301
/blog/local-compliance-standards-faqs,/blog,301
/blog/midway-home-cleaning,/service-location/midway,301
/blog/midway-utah-cleaning-experts,/service-location/midway,301
/blog/millcreek-utah-cleaning,/service-location/salt-lake-county,301
/blog/mountain-home-cleaning-challenges,/services/deep-cleaning,301
/blog/murray-utah-cleaning,/service-location/salt-lake-county,301
/blog/organization-decluttering,/blog,301
/blog/park-city-cleaning-services,/service-location/park-city,301
/blog/park-city-home-cleaning,/service-location/park-city,301
/blog/park-city-summer-guest-ready-checklist,/blog/getting-park-city-home-ready-for-summer-guests,301
/blog/post-construction-cleaning,/services/deep-cleaning,301
/blog/post-ski-season-deep-clean-checklist-park-city,/blog/post-ski-season-deep-clean-park-city-rental-owners,301
/blog/real-estate-move-in-move-out-cleaning,/services/move-in-move-out-cleaning,301
/blog/red-ledges-home-cleaning,/blog/red-ledges-home-cleaning-guide-luxury-heber-homeowners,301
/blog/salt-lake-valley-home-cleaning,/service-location/salt-lake-county,301
/blog/seasonal-cleaning-guides,/services/deep-cleaning,301
/blog/south-jordan-cleaning,/service-location/salt-lake-county,301
/blog/vacation-seasonal-home-care,/services/short-term-rental-cleaning,301
/blog/window-glass-cleaning-essentials,/blog,301
/cleaning-services/deep-cleaning,/services/deep-cleaning,301
/cleaning-services/short-term-rentals,/services/short-term-rental-cleaning,301
/location/park-city,/service-location/park-city,301
/location/red-ledges,/service-location/red-ledges,301
/service-location/heber,/service-location/heber-city,301
/service-location/midway-heber,/service-location/wasatch-county,301
/service-location/park-cityhttps:/www.sunray-cleaning.com,/service-location/park-city,301
